repo,file,category,token,current_name,target_name,action,match_count
ingest,"/Users/mikehinford/Dropbox/Projects/CIC Website/CIC Air Quality Networks/CIC-test-uk-aq-ingest/AGENTS.md",docs,uk_aq_aggdaily,uk_aq_aggdaily,uk_aq_aqilevels,rename,1
ingest,"/Users/mikehinford/Dropbox/Projects/CIC Website/CIC Air Quality Networks/CIC-test-uk-aq-ingest/README.md",docs,OBS_AQIDB_SECRET_KEY,OBS_AQIDB_SECRET_KEY,OBS_AQIDB_SECRET_KEY,rename,2
ingest,"/Users/mikehinford/Dropbox/Projects/CIC Website/CIC Air Quality Networks/CIC-test-uk-aq-ingest/README.md",docs,OBS_AQIDB_SUPABASE_URL,OBS_AQIDB_SUPABASE_URL,OBS_AQIDB_SUPABASE_URL,rename,2
ingest,"/Users/mikehinford/Dropbox/Projects/CIC Website/CIC Air Quality Networks/CIC-test-uk-aq-ingest/README.md",docs,uk_aq_history,uk_aq_history,uk_aq_observs,rename,1
ingest,"/Users/mikehinford/Dropbox/Projects/CIC Website/CIC Air Quality Networks/CIC-test-uk-aq-ingest/config/uk_aq_github_env_targets.csv",ci_config,AGGDAILY_SECRET_KEY,AGGDAILY_SECRET_KEY,OBS_AQIDB_SECRET_KEY,rename,1
ingest,"/Users/mikehinford/Dropbox/Projects/CIC Website/CIC Air Quality Networks/CIC-test-uk-aq-ingest/config/uk_aq_github_env_targets.csv",ci_config,AGGDAILY_SUPABASE_URL,AGGDAILY_SUPABASE_URL,OBS_AQIDB_SUPABASE_URL,rename,1
ingest,"/Users/mikehinford/Dropbox/Projects/CIC Website/CIC Air Quality Networks/CIC-test-uk-aq-ingest/config/uk_aq_github_env_targets.csv",ci_config,OBS_AQIDB_SECRET_KEY,OBS_AQIDB_SECRET_KEY,OBS_AQIDB_SECRET_KEY,rename,2
ingest,"/Users/mikehinford/Dropbox/Projects/CIC Website/CIC Air Quality Networks/CIC-test-uk-aq-ingest/config/uk_aq_github_env_targets.csv",ci_config,OBS_AQIDB_SUPABASE_URL,OBS_AQIDB_SUPABASE_URL,OBS_AQIDB_SUPABASE_URL,rename,1
ingest,"/Users/mikehinford/Dropbox/Projects/CIC Website/CIC Air Quality Networks/CIC-test-uk-aq-ingest/config/uk_aq_github_env_targets.csv",ci_config,UK_AQ_OBS_AQIDB_DB_LABEL,UK_AQ_OBS_AQIDB_DB_LABEL,UK_AQ_OBS_AQIDB_DB_LABEL,rename,1
ingest,"/Users/mikehinford/Dropbox/Projects/CIC Website/CIC Air Quality Networks/CIC-test-uk-aq-ingest/data/uk_aq_dashboard/uk_aq_dashboard.html",tooling_ui,aggdailydb,aggdailydb,obs_aqidb,rename,9
ingest,"/Users/mikehinford/Dropbox/Projects/CIC Website/CIC Air Quality Networks/CIC-test-uk-aq-ingest/data/uk_aq_dashboard/uk_aq_dashboard.html",tooling_ui,obs_aqidb,obs_aqidb,obs_aqidb,rename,9
ingest,"/Users/mikehinford/Dropbox/Projects/CIC Website/CIC Air Quality Networks/CIC-test-uk-aq-ingest/plans/TODO.md",docs,uk_aq_history,uk_aq_history,uk_aq_observs,rename,1
ingest,"/Users/mikehinford/Dropbox/Projects/CIC Website/CIC Air Quality Networks/CIC-test-uk-aq-ingest/plans/cloud_run_cost_analysis.md",docs,uk_aq_history,uk_aq_history,uk_aq_observs,rename,8
ingest,"/Users/mikehinford/Dropbox/Projects/CIC Website/CIC Air Quality Networks/CIC-test-uk-aq-ingest/plans/egress_reduction_plan.md",docs,uk_aq_history,uk_aq_history,uk_aq_observs,rename,2
ingest,"/Users/mikehinford/Dropbox/Projects/CIC Website/CIC Air Quality Networks/CIC-test-uk-aq-ingest/plans/history_prune_option2_plan.md",docs,CFLARE_R2_OBSERVATIONS_PREFIX,CFLARE_R2_OBSERVATIONS_PREFIX,R2_HISTORY_OBSERVATIONS_PREFIX,rename,1
ingest,"/Users/mikehinford/Dropbox/Projects/CIC Website/CIC Air Quality Networks/CIC-test-uk-aq-ingest/plans/history_prune_option2_plan.md",docs,backup/observations,backup/observations,history/v1/observations,rename,1
ingest,"/Users/mikehinford/Dropbox/Projects/CIC Website/CIC Air Quality Networks/CIC-test-uk-aq-ingest/plans/observs_pubsub_model_plan.md",docs,uk_aq_history,uk_aq_history,uk_aq_observs,rename,1
ingest,"/Users/mikehinford/Dropbox/Projects/CIC Website/CIC Air Quality Networks/CIC-test-uk-aq-ingest/plans/status-audit.json",docs,uk_aq_history,uk_aq_history,uk_aq_observs,rename,4
ingest,"/Users/mikehinford/Dropbox/Projects/CIC Website/CIC Air Quality Networks/CIC-test-uk-aq-ingest/plans/status-audit.md",docs,uk_aq_history,uk_aq_history,uk_aq_observs,rename,3
ingest,"/Users/mikehinford/Dropbox/Projects/CIC Website/CIC Air Quality Networks/CIC-test-uk-aq-ingest/plans/timescaledb/00_introspection.sql",docs,uk_aq_history,uk_aq_history,uk_aq_observs,rename,1
ingest,"/Users/mikehinford/Dropbox/Projects/CIC Website/CIC Air Quality Networks/CIC-test-uk-aq-ingest/plans/timescaledb/01_experiment_setup.sql",docs,uk_aq_history,uk_aq_history,uk_aq_observs,rename,1
ingest,"/Users/mikehinford/Dropbox/Projects/CIC Website/CIC Air Quality Networks/CIC-test-uk-aq-ingest/plans/timescaledb/02_experiment_migrate_sample.sql",docs,uk_aq_history,uk_aq_history,uk_aq_observs,rename,3
ingest,"/Users/mikehinford/Dropbox/Projects/CIC Website/CIC Air Quality Networks/CIC-test-uk-aq-ingest/plans/timescaledb/10_migration_plan_outline.sql",docs,uk_aq_history,uk_aq_history,uk_aq_observs,rename,13
ingest,"/Users/mikehinford/Dropbox/Projects/CIC Website/CIC Air Quality Networks/CIC-test-uk-aq-ingest/plans/timescaledb/results/00_introspection_20260226T112259Z.txt",docs,uk_aq_history,uk_aq_history,uk_aq_observs,rename,17
ingest,"/Users/mikehinford/Dropbox/Projects/CIC Website/CIC Air Quality Networks/CIC-test-uk-aq-ingest/plans/timescaledb/results/history_observ_columns_profile_20260226T134429Z.txt",docs,uk_aq_history,uk_aq_history,uk_aq_observs,rename,4
ingest,"/Users/mikehinford/Dropbox/Projects/CIC Website/CIC Air Quality Networks/CIC-test-uk-aq-ingest/plans/timescaledb_storage_reduction_assessment.md",docs,obs_aqidb,obs_aqidb,obs_aqidb,rename,1
ingest,"/Users/mikehinford/Dropbox/Projects/CIC Website/CIC Air Quality Networks/CIC-test-uk-aq-ingest/plans/timescaledb_storage_reduction_assessment.md",docs,uk_aq_history,uk_aq_history,uk_aq_observs,rename,4
ingest,"/Users/mikehinford/Dropbox/Projects/CIC Website/CIC Air Quality Networks/CIC-test-uk-aq-ingest/scripts/uk_aq_check_env.sh",runtime,OBS_AQIDB_SECRET_KEY,OBS_AQIDB_SECRET_KEY,OBS_AQIDB_SECRET_KEY,rename,7
ingest,"/Users/mikehinford/Dropbox/Projects/CIC Website/CIC Air Quality Networks/CIC-test-uk-aq-ingest/scripts/uk_aq_check_env.sh",runtime,OBS_AQIDB_SUPABASE_URL,OBS_AQIDB_SUPABASE_URL,OBS_AQIDB_SUPABASE_URL,rename,5
ingest,"/Users/mikehinford/Dropbox/Projects/CIC Website/CIC Air Quality Networks/CIC-test-uk-aq-ingest/scripts/uk_aq_dashboard_local.py",tooling_ui,AGGDAILY_SECRET_KEY,AGGDAILY_SECRET_KEY,OBS_AQIDB_SECRET_KEY,rename,6
ingest,"/Users/mikehinford/Dropbox/Projects/CIC Website/CIC Air Quality Networks/CIC-test-uk-aq-ingest/scripts/uk_aq_dashboard_local.py",tooling_ui,AGGDAILY_SUPABASE_URL,AGGDAILY_SUPABASE_URL,OBS_AQIDB_SUPABASE_URL,rename,6
ingest,"/Users/mikehinford/Dropbox/Projects/CIC Website/CIC Air Quality Networks/CIC-test-uk-aq-ingest/scripts/uk_aq_dashboard_local.py",tooling_ui,OBS_AQIDB_SECRET_KEY,OBS_AQIDB_SECRET_KEY,OBS_AQIDB_SECRET_KEY,rename,4
ingest,"/Users/mikehinford/Dropbox/Projects/CIC Website/CIC Air Quality Networks/CIC-test-uk-aq-ingest/scripts/uk_aq_dashboard_local.py",tooling_ui,OBS_AQIDB_SUPABASE_URL,OBS_AQIDB_SUPABASE_URL,OBS_AQIDB_SUPABASE_URL,rename,4
ingest,"/Users/mikehinford/Dropbox/Projects/CIC Website/CIC Air Quality Networks/CIC-test-uk-aq-ingest/scripts/uk_aq_dashboard_local.py",tooling_ui,aggdailydb,aggdailydb,obs_aqidb,rename,11
ingest,"/Users/mikehinford/Dropbox/Projects/CIC Website/CIC Air Quality Networks/CIC-test-uk-aq-ingest/scripts/uk_aq_dashboard_local.py",tooling_ui,obs_aqidb,obs_aqidb,obs_aqidb,rename,10
ingest,"/Users/mikehinford/Dropbox/Projects/CIC Website/CIC Air Quality Networks/CIC-test-uk-aq-ingest/scripts/uk_aq_int4_migration_all_clear.sh",runtime,uk_aq_history,uk_aq_history,uk_aq_observs,rename,6
ingest,"/Users/mikehinford/Dropbox/Projects/CIC Website/CIC Air Quality Networks/CIC-test-uk-aq-ingest/scripts/uk_aq_move_history_observations.sh",runtime,uk_aq_history,uk_aq_history,uk_aq_observs,rename,1
ingest,"/Users/mikehinford/Dropbox/Projects/CIC Website/CIC Air Quality Networks/CIC-test-uk-aq-ingest/supabase/functions/_shared/fetch_egress_patch.ts",runtime,OBS_AQIDB_SUPABASE_URL,OBS_AQIDB_SUPABASE_URL,OBS_AQIDB_SUPABASE_URL,rename,3
ingest,"/Users/mikehinford/Dropbox/Projects/CIC Website/CIC Air Quality Networks/CIC-test-uk-aq-ingest/supabase/functions/_shared/history_client.ts",runtime,OBS_AQIDB_SECRET_KEY,OBS_AQIDB_SECRET_KEY,OBS_AQIDB_SECRET_KEY,rename,5
ingest,"/Users/mikehinford/Dropbox/Projects/CIC Website/CIC Air Quality Networks/CIC-test-uk-aq-ingest/supabase/functions/_shared/history_client.ts",runtime,OBS_AQIDB_SUPABASE_URL,OBS_AQIDB_SUPABASE_URL,OBS_AQIDB_SUPABASE_URL,rename,5
ingest,"/Users/mikehinford/Dropbox/Projects/CIC Website/CIC Air Quality Networks/CIC-test-uk-aq-ingest/supabase/functions/_shared/history_client.ts",runtime,uk_aq_history,uk_aq_history,uk_aq_observs,rename,1
ingest,"/Users/mikehinford/Dropbox/Projects/CIC Website/CIC Air Quality Networks/CIC-test-uk-aq-ingest/supabase/functions/uk_aq_timeseries/index.ts",runtime,OBS_AQIDB_SECRET_KEY,OBS_AQIDB_SECRET_KEY,OBS_AQIDB_SECRET_KEY,rename,4
ingest,"/Users/mikehinford/Dropbox/Projects/CIC Website/CIC Air Quality Networks/CIC-test-uk-aq-ingest/supabase/functions/uk_aq_timeseries/index.ts",runtime,OBS_AQIDB_SUPABASE_URL,OBS_AQIDB_SUPABASE_URL,OBS_AQIDB_SUPABASE_URL,rename,4
ingest,"/Users/mikehinford/Dropbox/Projects/CIC Website/CIC Air Quality Networks/CIC-test-uk-aq-ingest/supabase/functions/uk_aq_timeseries/index.ts",runtime,uk_aq_history,uk_aq_history,uk_aq_observs,rename,3
ingest,"/Users/mikehinford/Dropbox/Projects/CIC Website/CIC Air Quality Networks/CIC-test-uk-aq-ingest/system_docs/New DB Install/new_db_install.md",docs,OBS_AQIDB_SECRET_KEY,OBS_AQIDB_SECRET_KEY,OBS_AQIDB_SECRET_KEY,rename,1
ingest,"/Users/mikehinford/Dropbox/Projects/CIC Website/CIC Air Quality Networks/CIC-test-uk-aq-ingest/system_docs/New DB Install/new_db_install.md",docs,OBS_AQIDB_SUPABASE_URL,OBS_AQIDB_SUPABASE_URL,OBS_AQIDB_SUPABASE_URL,rename,1
ingest,"/Users/mikehinford/Dropbox/Projects/CIC Website/CIC Air Quality Networks/CIC-test-uk-aq-ingest/system_docs/New DB Install/new_db_install.md",docs,uk_aq_history,uk_aq_history,uk_aq_observs,rename,2
ingest,"/Users/mikehinford/Dropbox/Projects/CIC Website/CIC Air Quality Networks/CIC-test-uk-aq-ingest/system_docs/table_info/uk_aq_db_size_metrics_hourly.md",docs,aggdailydb,aggdailydb,obs_aqidb,rename,1
ingest,"/Users/mikehinford/Dropbox/Projects/CIC Website/CIC Air Quality Networks/CIC-test-uk-aq-ingest/system_docs/table_info/uk_aq_db_size_metrics_hourly.md",docs,obs_aqidb,obs_aqidb,obs_aqidb,rename,1
ingest,"/Users/mikehinford/Dropbox/Projects/CIC Website/CIC Air Quality Networks/CIC-test-uk-aq-ingest/system_docs/uk_aq_cloudflare_scheduler_ingest_flow.md",docs,uk_aq_history,uk_aq_history,uk_aq_observs,rename,2
ingest,"/Users/mikehinford/Dropbox/Projects/CIC Website/CIC Air Quality Networks/CIC-test-uk-aq-ingest/system_docs/uk_aq_edge_functions.md",docs,OBS_AQIDB_SUPABASE_URL,OBS_AQIDB_SUPABASE_URL,OBS_AQIDB_SUPABASE_URL,rename,3
ingest,"/Users/mikehinford/Dropbox/Projects/CIC Website/CIC Air Quality Networks/CIC-test-uk-aq-ingest/system_docs/uk_aq_edge_functions.md",docs,UK_AQ_OBS_AQIDB_DB_LABEL,UK_AQ_OBS_AQIDB_DB_LABEL,UK_AQ_OBS_AQIDB_DB_LABEL,rename,1
ingest,"/Users/mikehinford/Dropbox/Projects/CIC Website/CIC Air Quality Networks/CIC-test-uk-aq-ingest/system_docs/uk_aq_edge_functions.md",docs,aggdailydb,aggdailydb,obs_aqidb,rename,1
ingest,"/Users/mikehinford/Dropbox/Projects/CIC Website/CIC Air Quality Networks/CIC-test-uk-aq-ingest/system_docs/uk_aq_edge_functions.md",docs,obs_aqidb,obs_aqidb,obs_aqidb,rename,2
ingest,"/Users/mikehinford/Dropbox/Projects/CIC Website/CIC Air Quality Networks/CIC-test-uk-aq-ingest/system_docs/uk_aq_edge_functions.md",docs,uk_aq_history,uk_aq_history,uk_aq_observs,rename,10
ingest,"/Users/mikehinford/Dropbox/Projects/CIC Website/CIC Air Quality Networks/CIC-test-uk-aq-ingest/system_docs/uk_aq_github_actions.md",docs,AGGDAILY_SECRET_KEY,AGGDAILY_SECRET_KEY,OBS_AQIDB_SECRET_KEY,rename,1
ingest,"/Users/mikehinford/Dropbox/Projects/CIC Website/CIC Air Quality Networks/CIC-test-uk-aq-ingest/system_docs/uk_aq_github_actions.md",docs,AGGDAILY_SUPABASE_URL,AGGDAILY_SUPABASE_URL,OBS_AQIDB_SUPABASE_URL,rename,1
ingest,"/Users/mikehinford/Dropbox/Projects/CIC Website/CIC Air Quality Networks/CIC-test-uk-aq-ingest/system_docs/uk_aq_github_actions.md",docs,OBS_AQIDB_SECRET_KEY,OBS_AQIDB_SECRET_KEY,OBS_AQIDB_SECRET_KEY,rename,7
ingest,"/Users/mikehinford/Dropbox/Projects/CIC Website/CIC Air Quality Networks/CIC-test-uk-aq-ingest/system_docs/uk_aq_github_actions.md",docs,OBS_AQIDB_SUPABASE_URL,OBS_AQIDB_SUPABASE_URL,OBS_AQIDB_SUPABASE_URL,rename,8
ingest,"/Users/mikehinford/Dropbox/Projects/CIC Website/CIC Air Quality Networks/CIC-test-uk-aq-ingest/system_docs/uk_aq_github_actions.md",docs,UK_AQ_OBS_AQIDB_DB_LABEL,UK_AQ_OBS_AQIDB_DB_LABEL,UK_AQ_OBS_AQIDB_DB_LABEL,rename,1
ingest,"/Users/mikehinford/Dropbox/Projects/CIC Website/CIC Air Quality Networks/CIC-test-uk-aq-ingest/system_docs/uk_aq_github_actions.md",docs,uk_aq_aggdaily,uk_aq_aggdaily,uk_aq_aqilevels,rename,1
ingest,"/Users/mikehinford/Dropbox/Projects/CIC Website/CIC Air Quality Networks/CIC-test-uk-aq-ingest/system_docs/uk_aq_github_actions.md",docs,uk_aq_history,uk_aq_history,uk_aq_observs,rename,9
ingest,"/Users/mikehinford/Dropbox/Projects/CIC Website/CIC Air Quality Networks/CIC-test-uk-aq-ingest/system_docs/uk_aq_scripts.md",docs,AGGDAILY_SECRET_KEY,AGGDAILY_SECRET_KEY,OBS_AQIDB_SECRET_KEY,rename,1
ingest,"/Users/mikehinford/Dropbox/Projects/CIC Website/CIC Air Quality Networks/CIC-test-uk-aq-ingest/system_docs/uk_aq_scripts.md",docs,AGGDAILY_SUPABASE_URL,AGGDAILY_SUPABASE_URL,OBS_AQIDB_SUPABASE_URL,rename,1
ingest,"/Users/mikehinford/Dropbox/Projects/CIC Website/CIC Air Quality Networks/CIC-test-uk-aq-ingest/system_docs/uk_aq_scripts.md",docs,OBS_AQIDB_SECRET_KEY,OBS_AQIDB_SECRET_KEY,OBS_AQIDB_SECRET_KEY,rename,2
ingest,"/Users/mikehinford/Dropbox/Projects/CIC Website/CIC Air Quality Networks/CIC-test-uk-aq-ingest/system_docs/uk_aq_scripts.md",docs,OBS_AQIDB_SUPABASE_URL,OBS_AQIDB_SUPABASE_URL,OBS_AQIDB_SUPABASE_URL,rename,1
ingest,"/Users/mikehinford/Dropbox/Projects/CIC Website/CIC Air Quality Networks/CIC-test-uk-aq-ingest/system_docs/uk_aq_scripts.md",docs,uk_aq_aggdaily,uk_aq_aggdaily,uk_aq_aqilevels,rename,1
ingest,"/Users/mikehinford/Dropbox/Projects/CIC Website/CIC Air Quality Networks/CIC-test-uk-aq-ingest/system_docs/vaccum_full.md",docs,uk_aq_history,uk_aq_history,uk_aq_observs,rename,7
ingest,"/Users/mikehinford/Dropbox/Projects/CIC Website/CIC Air Quality Networks/CIC-test-uk-aq-ingest/workers/uk_aq_breathelondon_cloud_run/README.md",docs,OBS_AQIDB_SECRET_KEY,OBS_AQIDB_SECRET_KEY,OBS_AQIDB_SECRET_KEY,rename,1
ingest,"/Users/mikehinford/Dropbox/Projects/CIC Website/CIC Air Quality Networks/CIC-test-uk-aq-ingest/workers/uk_aq_breathelondon_cloud_run/README.md",docs,OBS_AQIDB_SUPABASE_URL,OBS_AQIDB_SUPABASE_URL,OBS_AQIDB_SUPABASE_URL,rename,1
ingest,"/Users/mikehinford/Dropbox/Projects/CIC Website/CIC Air Quality Networks/CIC-test-uk-aq-ingest/workers/uk_aq_observs_outbox_cloud_run/Dockerfile",runtime,OBS_AQIDB_SUPABASE_URL,OBS_AQIDB_SUPABASE_URL,OBS_AQIDB_SUPABASE_URL,rename,2
ingest,"/Users/mikehinford/Dropbox/Projects/CIC Website/CIC Air Quality Networks/CIC-test-uk-aq-ingest/workers/uk_aq_observs_outbox_cloud_run/Dockerfile",runtime,uk_aq_history,uk_aq_history,uk_aq_observs,rename,4
ingest,"/Users/mikehinford/Dropbox/Projects/CIC Website/CIC Air Quality Networks/CIC-test-uk-aq-ingest/workers/uk_aq_observs_outbox_cloud_run/README.md",docs,OBS_AQIDB_SECRET_KEY,OBS_AQIDB_SECRET_KEY,OBS_AQIDB_SECRET_KEY,rename,1
ingest,"/Users/mikehinford/Dropbox/Projects/CIC Website/CIC Air Quality Networks/CIC-test-uk-aq-ingest/workers/uk_aq_observs_outbox_cloud_run/README.md",docs,OBS_AQIDB_SUPABASE_URL,OBS_AQIDB_SUPABASE_URL,OBS_AQIDB_SUPABASE_URL,rename,1
ingest,"/Users/mikehinford/Dropbox/Projects/CIC Website/CIC Air Quality Networks/CIC-test-uk-aq-ingest/workers/uk_aq_observs_outbox_cloud_run/run_job.ts",runtime,OBS_AQIDB_SECRET_KEY,OBS_AQIDB_SECRET_KEY,OBS_AQIDB_SECRET_KEY,rename,3
ingest,"/Users/mikehinford/Dropbox/Projects/CIC Website/CIC Air Quality Networks/CIC-test-uk-aq-ingest/workers/uk_aq_observs_outbox_cloud_run/run_job.ts",runtime,OBS_AQIDB_SUPABASE_URL,OBS_AQIDB_SUPABASE_URL,OBS_AQIDB_SUPABASE_URL,rename,3
ingest,"/Users/mikehinford/Dropbox/Projects/CIC Website/CIC Air Quality Networks/CIC-test-uk-aq-ingest/workers/uk_aq_observs_outbox_cloud_run/run_job.ts",runtime,uk_aq_history,uk_aq_history,uk_aq_observs,rename,1
ingest,"/Users/mikehinford/Dropbox/Projects/CIC Website/CIC Air Quality Networks/CIC-test-uk-aq-ingest/workers/uk_aq_observs_pubsub_cloud_run/Dockerfile",runtime,uk_aq_history,uk_aq_history,uk_aq_observs,rename,5
ingest,"/Users/mikehinford/Dropbox/Projects/CIC Website/CIC Air Quality Networks/CIC-test-uk-aq-ingest/workers/uk_aq_observs_pubsub_cloud_run/README.md",docs,OBS_AQIDB_SECRET_KEY,OBS_AQIDB_SECRET_KEY,OBS_AQIDB_SECRET_KEY,rename,1
ingest,"/Users/mikehinford/Dropbox/Projects/CIC Website/CIC Air Quality Networks/CIC-test-uk-aq-ingest/workers/uk_aq_observs_pubsub_cloud_run/README.md",docs,OBS_AQIDB_SUPABASE_URL,OBS_AQIDB_SUPABASE_URL,OBS_AQIDB_SUPABASE_URL,rename,1
ingest,"/Users/mikehinford/Dropbox/Projects/CIC Website/CIC Air Quality Networks/CIC-test-uk-aq-ingest/workers/uk_aq_observs_pubsub_cloud_run/run_job.ts",runtime,OBS_AQIDB_SECRET_KEY,OBS_AQIDB_SECRET_KEY,OBS_AQIDB_SECRET_KEY,rename,1
ingest,"/Users/mikehinford/Dropbox/Projects/CIC Website/CIC Air Quality Networks/CIC-test-uk-aq-ingest/workers/uk_aq_observs_pubsub_cloud_run/run_job.ts",runtime,OBS_AQIDB_SUPABASE_URL,OBS_AQIDB_SUPABASE_URL,OBS_AQIDB_SUPABASE_URL,rename,1
ingest,"/Users/mikehinford/Dropbox/Projects/CIC Website/CIC Air Quality Networks/CIC-test-uk-aq-ingest/workers/uk_aq_observs_pubsub_cloud_run/run_job.ts",runtime,uk_aq_history,uk_aq_history,uk_aq_observs,rename,1
ingest,"/Users/mikehinford/Dropbox/Projects/CIC Website/CIC Air Quality Networks/CIC-test-uk-aq-ingest/workers/uk_aq_observs_pubsub_cloud_run/run_service.ts",runtime,uk_aq_history,uk_aq_history,uk_aq_observs,rename,2
ingest,"/Users/mikehinford/Dropbox/Projects/CIC Website/CIC Air Quality Networks/CIC-test-uk-aq-ingest/workers/uk_aq_openaq_cloud_run/README.md",docs,OBS_AQIDB_SECRET_KEY,OBS_AQIDB_SECRET_KEY,OBS_AQIDB_SECRET_KEY,rename,1
ingest,"/Users/mikehinford/Dropbox/Projects/CIC Website/CIC Air Quality Networks/CIC-test-uk-aq-ingest/workers/uk_aq_openaq_cloud_run/README.md",docs,OBS_AQIDB_SUPABASE_URL,OBS_AQIDB_SUPABASE_URL,OBS_AQIDB_SUPABASE_URL,rename,1
ingest,"/Users/mikehinford/Dropbox/Projects/CIC Website/CIC Air Quality Networks/CIC-test-uk-aq-ingest/workers/uk_aq_sensorcommunity_cloud_run/README.md",docs,OBS_AQIDB_SECRET_KEY,OBS_AQIDB_SECRET_KEY,OBS_AQIDB_SECRET_KEY,rename,1
ingest,"/Users/mikehinford/Dropbox/Projects/CIC Website/CIC Air Quality Networks/CIC-test-uk-aq-ingest/workers/uk_aq_sensorcommunity_cloud_run/README.md",docs,OBS_AQIDB_SUPABASE_URL,OBS_AQIDB_SUPABASE_URL,OBS_AQIDB_SUPABASE_URL,rename,1
ingest,"/Users/mikehinford/Dropbox/Projects/CIC Website/CIC Air Quality Networks/CIC-test-uk-aq-ingest/workers/uk_aq_sensorcommunity_cloud_run/index.mjs",runtime,OBS_AQIDB_SECRET_KEY,OBS_AQIDB_SECRET_KEY,OBS_AQIDB_SECRET_KEY,rename,5
ingest,"/Users/mikehinford/Dropbox/Projects/CIC Website/CIC Air Quality Networks/CIC-test-uk-aq-ingest/workers/uk_aq_sensorcommunity_cloud_run/index.mjs",runtime,OBS_AQIDB_SUPABASE_URL,OBS_AQIDB_SUPABASE_URL,OBS_AQIDB_SUPABASE_URL,rename,6
ingest,"/Users/mikehinford/Dropbox/Projects/CIC Website/CIC Air Quality Networks/CIC-test-uk-aq-ingest/workers/uk_aq_sensorcommunity_cloud_run/index.mjs",runtime,uk_aq_history,uk_aq_history,uk_aq_observs,rename,1
ingest,"/Users/mikehinford/Dropbox/Projects/CIC Website/CIC Air Quality Networks/CIC-test-uk-aq-ingest/workers/uk_aq_sos_cloud_run/README.md",docs,OBS_AQIDB_SECRET_KEY,OBS_AQIDB_SECRET_KEY,OBS_AQIDB_SECRET_KEY,rename,1
ingest,"/Users/mikehinford/Dropbox/Projects/CIC Website/CIC Air Quality Networks/CIC-test-uk-aq-ingest/workers/uk_aq_sos_cloud_run/README.md",docs,OBS_AQIDB_SUPABASE_URL,OBS_AQIDB_SUPABASE_URL,OBS_AQIDB_SUPABASE_URL,rename,1
ops,"/Users/mikehinford/Dropbox/Projects/CIC Website/CIC Air Quality Networks/CIC-test-uk-aq-Operations/CIC-test-uk-aq-ops/AGENTS.md",docs,uk_aq_aggdaily,uk_aq_aggdaily,uk_aq_aqilevels,rename,1
ops,"/Users/mikehinford/Dropbox/Projects/CIC Website/CIC Air Quality Networks/CIC-test-uk-aq-Operations/CIC-test-uk-aq-ops/README.md",docs,BACKUP_COMMITTED_PREFIX,BACKUP_COMMITTED_PREFIX,R2_HISTORY_ROOT_PREFIX,rename,1
ops,"/Users/mikehinford/Dropbox/Projects/CIC Website/CIC Air Quality Networks/CIC-test-uk-aq-Operations/CIC-test-uk-aq-ops/README.md",docs,OBS_AQIDB_SECRET_KEY,OBS_AQIDB_SECRET_KEY,OBS_AQIDB_SECRET_KEY,rename,1
ops,"/Users/mikehinford/Dropbox/Projects/CIC Website/CIC Air Quality Networks/CIC-test-uk-aq-Operations/CIC-test-uk-aq-ops/README.md",docs,OBS_AQIDB_SUPABASE_URL,OBS_AQIDB_SUPABASE_URL,OBS_AQIDB_SUPABASE_URL,rename,1
ops,"/Users/mikehinford/Dropbox/Projects/CIC Website/CIC Air Quality Networks/CIC-test-uk-aq-Operations/CIC-test-uk-aq-ops/README.md",docs,backup/observations,backup/observations,history/v1/observations,rename,1
ops,"/Users/mikehinford/Dropbox/Projects/CIC Website/CIC Air Quality Networks/CIC-test-uk-aq-Operations/CIC-test-uk-aq-ops/README.md",docs,history_to_r2,history_to_r2,observs_to_r2_history,rename,1
ops,"/Users/mikehinford/Dropbox/Projects/CIC Website/CIC Air Quality Networks/CIC-test-uk-aq-Operations/CIC-test-uk-aq-ops/README.md",docs,uk_aq_history,uk_aq_history,uk_aq_observs,rename,6
ops,"/Users/mikehinford/Dropbox/Projects/CIC Website/CIC Air Quality Networks/CIC-test-uk-aq-Operations/CIC-test-uk-aq-ops/README_CROSS_REPO.md",docs,OBS_AQIDB_SECRET_KEY,OBS_AQIDB_SECRET_KEY,OBS_AQIDB_SECRET_KEY,rename,1
ops,"/Users/mikehinford/Dropbox/Projects/CIC Website/CIC Air Quality Networks/CIC-test-uk-aq-Operations/CIC-test-uk-aq-ops/README_CROSS_REPO.md",docs,OBS_AQIDB_SUPABASE_URL,OBS_AQIDB_SUPABASE_URL,OBS_AQIDB_SUPABASE_URL,rename,1
ops,"/Users/mikehinford/Dropbox/Projects/CIC Website/CIC Air Quality Networks/CIC-test-uk-aq-Operations/CIC-test-uk-aq-ops/config/uk_aq_github_env_targets.csv",ci_config,AGGDAILY_SECRET_KEY,AGGDAILY_SECRET_KEY,OBS_AQIDB_SECRET_KEY,rename,2
ops,"/Users/mikehinford/Dropbox/Projects/CIC Website/CIC Air Quality Networks/CIC-test-uk-aq-Operations/CIC-test-uk-aq-ops/config/uk_aq_github_env_targets.csv",ci_config,AGGDAILY_SUPABASE_URL,AGGDAILY_SUPABASE_URL,OBS_AQIDB_SUPABASE_URL,rename,1
ops,"/Users/mikehinford/Dropbox/Projects/CIC Website/CIC Air Quality Networks/CIC-test-uk-aq-Operations/CIC-test-uk-aq-ops/config/uk_aq_github_env_targets.csv",ci_config,BACKUP_COMMITTED_PREFIX,BACKUP_COMMITTED_PREFIX,R2_HISTORY_ROOT_PREFIX,rename,1
ops,"/Users/mikehinford/Dropbox/Projects/CIC Website/CIC Air Quality Networks/CIC-test-uk-aq-Operations/CIC-test-uk-aq-ops/config/uk_aq_github_env_targets.csv",ci_config,CFLARE_R2_OBSERVATIONS_PREFIX,CFLARE_R2_OBSERVATIONS_PREFIX,R2_HISTORY_OBSERVATIONS_PREFIX,rename,1
ops,"/Users/mikehinford/Dropbox/Projects/CIC Website/CIC Air Quality Networks/CIC-test-uk-aq-Operations/CIC-test-uk-aq-ops/config/uk_aq_github_env_targets.csv",ci_config,OBS_AQIDB_SECRET_KEY,OBS_AQIDB_SECRET_KEY,OBS_AQIDB_SECRET_KEY,rename,2
ops,"/Users/mikehinford/Dropbox/Projects/CIC Website/CIC Air Quality Networks/CIC-test-uk-aq-Operations/CIC-test-uk-aq-ops/config/uk_aq_github_env_targets.csv",ci_config,OBS_AQIDB_SUPABASE_URL,OBS_AQIDB_SUPABASE_URL,OBS_AQIDB_SUPABASE_URL,rename,1
ops,"/Users/mikehinford/Dropbox/Projects/CIC Website/CIC Air Quality Networks/CIC-test-uk-aq-Operations/CIC-test-uk-aq-ops/config/uk_aq_github_env_targets.csv",ci_config,UK_AQ_AGGDAILY_DB_LABEL,UK_AQ_AGGDAILY_DB_LABEL,UK_AQ_OBS_AQIDB_DB_LABEL,rename,1
ops,"/Users/mikehinford/Dropbox/Projects/CIC Website/CIC Air Quality Networks/CIC-test-uk-aq-Operations/CIC-test-uk-aq-ops/config/uk_aq_github_env_targets.csv",ci_config,UK_AQ_OBS_AQIDB_DB_LABEL,UK_AQ_OBS_AQIDB_DB_LABEL,UK_AQ_OBS_AQIDB_DB_LABEL,rename,1
ops,"/Users/mikehinford/Dropbox/Projects/CIC Website/CIC Air Quality Networks/CIC-test-uk-aq-Operations/CIC-test-uk-aq-ops/package.json",runtime,uk_aq_history,uk_aq_history,uk_aq_observs,rename,4
ops,"/Users/mikehinford/Dropbox/Projects/CIC Website/CIC Air Quality Networks/CIC-test-uk-aq-Operations/CIC-test-uk-aq-ops/plans/codex_prompt_uk_aq_backfill_plan.txt",docs,backup/observations,backup/observations,history/v1/observations,rename,1
ops,"/Users/mikehinford/Dropbox/Projects/CIC Website/CIC Air Quality Networks/CIC-test-uk-aq-Operations/CIC-test-uk-aq-ops/plans/codex_prompt_uk_aq_backfill_plan.txt",docs,history_to_r2,history_to_r2,observs_to_r2_history,rename,3
ops,"/Users/mikehinford/Dropbox/Projects/CIC Website/CIC Air Quality Networks/CIC-test-uk-aq-Operations/CIC-test-uk-aq-ops/plans/uk_aq_aqi_aggregation_plan.md",docs,uk_aq_aggdaily,uk_aq_aggdaily,uk_aq_aqilevels,rename,18
ops,"/Users/mikehinford/Dropbox/Projects/CIC Website/CIC Air Quality Networks/CIC-test-uk-aq-Operations/CIC-test-uk-aq-ops/plans/uk_aq_backfill_plan.md",docs,R2 backup,R2 backup,R2 History,rename,3
ops,"/Users/mikehinford/Dropbox/Projects/CIC Website/CIC Air Quality Networks/CIC-test-uk-aq-Operations/CIC-test-uk-aq-ops/plans/uk_aq_backfill_plan.md",docs,aggdailydb,aggdailydb,obs_aqidb,rename,1
ops,"/Users/mikehinford/Dropbox/Projects/CIC Website/CIC Air Quality Networks/CIC-test-uk-aq-Operations/CIC-test-uk-aq-ops/plans/uk_aq_backfill_plan.md",docs,backup/observations,backup/observations,history/v1/observations,rename,1
ops,"/Users/mikehinford/Dropbox/Projects/CIC Website/CIC Air Quality Networks/CIC-test-uk-aq-Operations/CIC-test-uk-aq-ops/plans/uk_aq_backfill_plan.md",docs,history_to_r2,history_to_r2,observs_to_r2_history,rename,8
ops,"/Users/mikehinford/Dropbox/Projects/CIC Website/CIC Air Quality Networks/CIC-test-uk-aq-Operations/CIC-test-uk-aq-ops/plans/uk_aq_backfill_plan.md",docs,obs_aqidb,obs_aqidb,obs_aqidb,rename,2
ops,"/Users/mikehinford/Dropbox/Projects/CIC Website/CIC Air Quality Networks/CIC-test-uk-aq-Operations/CIC-test-uk-aq-ops/plans/uk_aq_backfill_plan.md",docs,uk_aq_aggdaily,uk_aq_aggdaily,uk_aq_aqilevels,rename,3
ops,"/Users/mikehinford/Dropbox/Projects/CIC Website/CIC Air Quality Networks/CIC-test-uk-aq-Operations/CIC-test-uk-aq-ops/scripts/backup_r2/download_day.mjs",runtime,R2 backup,R2 backup,R2 History,rename,1
ops,"/Users/mikehinford/Dropbox/Projects/CIC Website/CIC Air Quality Networks/CIC-test-uk-aq-Operations/CIC-test-uk-aq-ops/scripts/backup_r2/uk_aq_aqi_history_r2_test_seed.mjs",runtime,AGGDAILY_SECRET_KEY,AGGDAILY_SECRET_KEY,OBS_AQIDB_SECRET_KEY,rename,3
ops,"/Users/mikehinford/Dropbox/Projects/CIC Website/CIC Air Quality Networks/CIC-test-uk-aq-Operations/CIC-test-uk-aq-ops/scripts/backup_r2/uk_aq_aqi_history_r2_test_seed.mjs",runtime,AGGDAILY_SUPABASE_URL,AGGDAILY_SUPABASE_URL,OBS_AQIDB_SUPABASE_URL,rename,3
ops,"/Users/mikehinford/Dropbox/Projects/CIC Website/CIC Air Quality Networks/CIC-test-uk-aq-Operations/CIC-test-uk-aq-ops/scripts/backup_r2/uk_aq_aqi_history_r2_test_seed.mjs",runtime,aqi-r2-test,aqi-r2-test,history/v1/aqilevels,replace_test_prefix,1
ops,"/Users/mikehinford/Dropbox/Projects/CIC Website/CIC Air Quality Networks/CIC-test-uk-aq-Operations/CIC-test-uk-aq-ops/scripts/gcp/uk_aq_backfill_cloud_run_call.sh",runtime,history_to_r2,history_to_r2,observs_to_r2_history,rename,2
ops,"/Users/mikehinford/Dropbox/Projects/CIC Website/CIC Air Quality Networks/CIC-test-uk-aq-Operations/CIC-test-uk-aq-ops/system_docs/uk-aq-aqi-history-r2-cache-test.md",docs,AGGDAILY_SECRET_KEY,AGGDAILY_SECRET_KEY,OBS_AQIDB_SECRET_KEY,rename,2
ops,"/Users/mikehinford/Dropbox/Projects/CIC Website/CIC Air Quality Networks/CIC-test-uk-aq-Operations/CIC-test-uk-aq-ops/system_docs/uk-aq-aqi-history-r2-cache-test.md",docs,AGGDAILY_SUPABASE_URL,AGGDAILY_SUPABASE_URL,OBS_AQIDB_SUPABASE_URL,rename,2
ops,"/Users/mikehinford/Dropbox/Projects/CIC Website/CIC Air Quality Networks/CIC-test-uk-aq-Operations/CIC-test-uk-aq-ops/system_docs/uk-aq-aqi-history-r2-cache-test.md",docs,aqi-r2-test,aqi-r2-test,history/v1/aqilevels,replace_test_prefix,7
ops,"/Users/mikehinford/Dropbox/Projects/CIC Website/CIC Air Quality Networks/CIC-test-uk-aq-Operations/CIC-test-uk-aq-ops/system_docs/uk-aq-aqi-history-r2-cache-test.md",docs,uk_aq_history,uk_aq_history,uk_aq_observs,rename,5
ops,"/Users/mikehinford/Dropbox/Projects/CIC Website/CIC Air Quality Networks/CIC-test-uk-aq-Operations/CIC-test-uk-aq-ops/system_docs/uk-aq-aqi-station-aggdaily.md",docs,AGGDAILY_SECRET_KEY,AGGDAILY_SECRET_KEY,OBS_AQIDB_SECRET_KEY,rename,1
ops,"/Users/mikehinford/Dropbox/Projects/CIC Website/CIC Air Quality Networks/CIC-test-uk-aq-Operations/CIC-test-uk-aq-ops/system_docs/uk-aq-aqi-station-aggdaily.md",docs,AGGDAILY_SUPABASE_URL,AGGDAILY_SUPABASE_URL,OBS_AQIDB_SUPABASE_URL,rename,1
ops,"/Users/mikehinford/Dropbox/Projects/CIC Website/CIC Air Quality Networks/CIC-test-uk-aq-Operations/CIC-test-uk-aq-ops/system_docs/uk-aq-aqi-station-aggdaily.md",docs,uk_aq_aggdaily,uk_aq_aggdaily,uk_aq_aqilevels,rename,1
ops,"/Users/mikehinford/Dropbox/Projects/CIC Website/CIC Air Quality Networks/CIC-test-uk-aq-Operations/CIC-test-uk-aq-ops/system_docs/uk-aq-backfill-cloud-run-script.md",docs,history_to_r2,history_to_r2,observs_to_r2_history,rename,1
ops,"/Users/mikehinford/Dropbox/Projects/CIC Website/CIC Air Quality Networks/CIC-test-uk-aq-Operations/CIC-test-uk-aq-ops/system_docs/uk-aq-backfill-cloud-run.md",docs,AGGDAILY_SECRET_KEY,AGGDAILY_SECRET_KEY,OBS_AQIDB_SECRET_KEY,rename,1
ops,"/Users/mikehinford/Dropbox/Projects/CIC Website/CIC Air Quality Networks/CIC-test-uk-aq-Operations/CIC-test-uk-aq-ops/system_docs/uk-aq-backfill-cloud-run.md",docs,AGGDAILY_SUPABASE_URL,AGGDAILY_SUPABASE_URL,OBS_AQIDB_SUPABASE_URL,rename,1
ops,"/Users/mikehinford/Dropbox/Projects/CIC Website/CIC Air Quality Networks/CIC-test-uk-aq-Operations/CIC-test-uk-aq-ops/system_docs/uk-aq-backfill-cloud-run.md",docs,OBS_AQIDB_SECRET_KEY,OBS_AQIDB_SECRET_KEY,OBS_AQIDB_SECRET_KEY,rename,1
ops,"/Users/mikehinford/Dropbox/Projects/CIC Website/CIC Air Quality Networks/CIC-test-uk-aq-Operations/CIC-test-uk-aq-ops/system_docs/uk-aq-backfill-cloud-run.md",docs,OBS_AQIDB_SUPABASE_URL,OBS_AQIDB_SUPABASE_URL,OBS_AQIDB_SUPABASE_URL,rename,1
ops,"/Users/mikehinford/Dropbox/Projects/CIC Website/CIC Air Quality Networks/CIC-test-uk-aq-Operations/CIC-test-uk-aq-ops/system_docs/uk-aq-backfill-cloud-run.md",docs,history_to_r2,history_to_r2,observs_to_r2_history,rename,5
ops,"/Users/mikehinford/Dropbox/Projects/CIC Website/CIC Air Quality Networks/CIC-test-uk-aq-Operations/CIC-test-uk-aq-ops/system_docs/uk-aq-backfill-cloud-run.md",docs,uk_aq_aggdaily,uk_aq_aggdaily,uk_aq_aqilevels,rename,1
ops,"/Users/mikehinford/Dropbox/Projects/CIC Website/CIC Air Quality Networks/CIC-test-uk-aq-Operations/CIC-test-uk-aq-ops/system_docs/uk-aq-observs-outbox-flush-service.md",docs,OBS_AQIDB_SECRET_KEY,OBS_AQIDB_SECRET_KEY,OBS_AQIDB_SECRET_KEY,rename,5
ops,"/Users/mikehinford/Dropbox/Projects/CIC Website/CIC Air Quality Networks/CIC-test-uk-aq-Operations/CIC-test-uk-aq-ops/system_docs/uk-aq-observs-outbox-flush-service.md",docs,OBS_AQIDB_SUPABASE_URL,OBS_AQIDB_SUPABASE_URL,OBS_AQIDB_SUPABASE_URL,rename,4
ops,"/Users/mikehinford/Dropbox/Projects/CIC Website/CIC Air Quality Networks/CIC-test-uk-aq-Operations/CIC-test-uk-aq-ops/system_docs/uk-aq-observs-outbox-flush-service.md",docs,uk_aq_history,uk_aq_history,uk_aq_observs,rename,2
ops,"/Users/mikehinford/Dropbox/Projects/CIC Website/CIC Air Quality Networks/CIC-test-uk-aq-Operations/CIC-test-uk-aq-ops/system_docs/uk-aq-observs-partition-maintenance.md",docs,CFLARE_R2_OBSERVATIONS_PREFIX,CFLARE_R2_OBSERVATIONS_PREFIX,R2_HISTORY_OBSERVATIONS_PREFIX,rename,1
ops,"/Users/mikehinford/Dropbox/Projects/CIC Website/CIC Air Quality Networks/CIC-test-uk-aq-Operations/CIC-test-uk-aq-ops/system_docs/uk-aq-observs-partition-maintenance.md",docs,OBS_AQIDB_SECRET_KEY,OBS_AQIDB_SECRET_KEY,OBS_AQIDB_SECRET_KEY,rename,1
ops,"/Users/mikehinford/Dropbox/Projects/CIC Website/CIC Air Quality Networks/CIC-test-uk-aq-Operations/CIC-test-uk-aq-ops/system_docs/uk-aq-observs-partition-maintenance.md",docs,OBS_AQIDB_SUPABASE_URL,OBS_AQIDB_SUPABASE_URL,OBS_AQIDB_SUPABASE_URL,rename,1
ops,"/Users/mikehinford/Dropbox/Projects/CIC Website/CIC Air Quality Networks/CIC-test-uk-aq-Operations/CIC-test-uk-aq-ops/system_docs/uk-aq-observs-partition-maintenance.md",docs,R2 backup,R2 backup,R2 History,rename,1
ops,"/Users/mikehinford/Dropbox/Projects/CIC Website/CIC Air Quality Networks/CIC-test-uk-aq-Operations/CIC-test-uk-aq-ops/system_docs/uk-aq-observs-partition-maintenance.md",docs,uk_aq_history,uk_aq_history,uk_aq_observs,rename,2
ops,"/Users/mikehinford/Dropbox/Projects/CIC Website/CIC Air Quality Networks/CIC-test-uk-aq-Operations/CIC-test-uk-aq-ops/system_docs/uk-aq-ingestdb-prune.md",docs,BACKUP_COMMITTED_PREFIX,BACKUP_COMMITTED_PREFIX,R2_HISTORY_ROOT_PREFIX,rename,1
ops,"/Users/mikehinford/Dropbox/Projects/CIC Website/CIC Air Quality Networks/CIC-test-uk-aq-Operations/CIC-test-uk-aq-ops/system_docs/uk-aq-ingestdb-prune.md",docs,OBS_AQIDB_SECRET_KEY,OBS_AQIDB_SECRET_KEY,OBS_AQIDB_SECRET_KEY,rename,1
ops,"/Users/mikehinford/Dropbox/Projects/CIC Website/CIC Air Quality Networks/CIC-test-uk-aq-Operations/CIC-test-uk-aq-ops/system_docs/uk-aq-ingestdb-prune.md",docs,OBS_AQIDB_SUPABASE_URL,OBS_AQIDB_SUPABASE_URL,OBS_AQIDB_SUPABASE_URL,rename,1
ops,"/Users/mikehinford/Dropbox/Projects/CIC Website/CIC Air Quality Networks/CIC-test-uk-aq-Operations/CIC-test-uk-aq-ops/system_docs/uk-aq-ingestdb-prune.md",docs,backup/observations,backup/observations,history/v1/observations,rename,2
ops,"/Users/mikehinford/Dropbox/Projects/CIC Website/CIC Air Quality Networks/CIC-test-uk-aq-Operations/CIC-test-uk-aq-ops/tests/phase_b_backup_r2.test.mjs",tests,backup/observations,backup/observations,history/v1/observations,rename,1
ops,"/Users/mikehinford/Dropbox/Projects/CIC Website/CIC Air Quality Networks/CIC-test-uk-aq-Operations/CIC-test-uk-aq-ops/tests/uk_aq_backfill_core.test.mjs",tests,history_to_r2,history_to_r2,observs_to_r2_history,rename,2
ops,"/Users/mikehinford/Dropbox/Projects/CIC Website/CIC Air Quality Networks/CIC-test-uk-aq-Operations/CIC-test-uk-aq-ops/workers/uk_aq_aqi_history_r2_test_worker/README.md",docs,AGGDAILY_SECRET_KEY,AGGDAILY_SECRET_KEY,OBS_AQIDB_SECRET_KEY,rename,1
ops,"/Users/mikehinford/Dropbox/Projects/CIC Website/CIC Air Quality Networks/CIC-test-uk-aq-Operations/CIC-test-uk-aq-ops/workers/uk_aq_aqi_history_r2_test_worker/README.md",docs,AGGDAILY_SUPABASE_URL,AGGDAILY_SUPABASE_URL,OBS_AQIDB_SUPABASE_URL,rename,1
ops,"/Users/mikehinford/Dropbox/Projects/CIC Website/CIC Air Quality Networks/CIC-test-uk-aq-Operations/CIC-test-uk-aq-ops/workers/uk_aq_aqi_history_r2_test_worker/worker.mjs",runtime,AGGDAILY_SECRET_KEY,AGGDAILY_SECRET_KEY,OBS_AQIDB_SECRET_KEY,rename,1
ops,"/Users/mikehinford/Dropbox/Projects/CIC Website/CIC Air Quality Networks/CIC-test-uk-aq-Operations/CIC-test-uk-aq-ops/workers/uk_aq_aqi_history_r2_test_worker/worker.mjs",runtime,AGGDAILY_SUPABASE_URL,AGGDAILY_SUPABASE_URL,OBS_AQIDB_SUPABASE_URL,rename,1
ops,"/Users/mikehinford/Dropbox/Projects/CIC Website/CIC Air Quality Networks/CIC-test-uk-aq-Operations/CIC-test-uk-aq-ops/workers/uk_aq_aqi_history_r2_test_worker/worker.mjs",runtime,aqi-r2-test,aqi-r2-test,history/v1/aqilevels,replace_test_prefix,1
ops,"/Users/mikehinford/Dropbox/Projects/CIC Website/CIC Air Quality Networks/CIC-test-uk-aq-Operations/CIC-test-uk-aq-ops/workers/uk_aq_aqi_history_r2_test_worker/wrangler.toml",ci_config,aqi-r2-test,aqi-r2-test,history/v1/aqilevels,replace_test_prefix,1
ops,"/Users/mikehinford/Dropbox/Projects/CIC Website/CIC Air Quality Networks/CIC-test-uk-aq-Operations/CIC-test-uk-aq-ops/workers/uk_aq_aqi_station_aggdaily_cloud_run/README.md",docs,AGGDAILY_SECRET_KEY,AGGDAILY_SECRET_KEY,OBS_AQIDB_SECRET_KEY,rename,1
ops,"/Users/mikehinford/Dropbox/Projects/CIC Website/CIC Air Quality Networks/CIC-test-uk-aq-Operations/CIC-test-uk-aq-ops/workers/uk_aq_aqi_station_aggdaily_cloud_run/README.md",docs,AGGDAILY_SUPABASE_URL,AGGDAILY_SUPABASE_URL,OBS_AQIDB_SUPABASE_URL,rename,1
ops,"/Users/mikehinford/Dropbox/Projects/CIC Website/CIC Air Quality Networks/CIC-test-uk-aq-Operations/CIC-test-uk-aq-ops/workers/uk_aq_aqi_station_aggdaily_cloud_run/run_job.ts",runtime,AGGDAILY_SECRET_KEY,AGGDAILY_SECRET_KEY,OBS_AQIDB_SECRET_KEY,rename,1
ops,"/Users/mikehinford/Dropbox/Projects/CIC Website/CIC Air Quality Networks/CIC-test-uk-aq-Operations/CIC-test-uk-aq-ops/workers/uk_aq_aqi_station_aggdaily_cloud_run/run_job.ts",runtime,AGGDAILY_SUPABASE_URL,AGGDAILY_SUPABASE_URL,OBS_AQIDB_SUPABASE_URL,rename,6
ops,"/Users/mikehinford/Dropbox/Projects/CIC Website/CIC Air Quality Networks/CIC-test-uk-aq-Operations/CIC-test-uk-aq-ops/workers/uk_aq_backfill_cloud_run/README.md",docs,AGGDAILY_SECRET_KEY,AGGDAILY_SECRET_KEY,OBS_AQIDB_SECRET_KEY,rename,1
ops,"/Users/mikehinford/Dropbox/Projects/CIC Website/CIC Air Quality Networks/CIC-test-uk-aq-Operations/CIC-test-uk-aq-ops/workers/uk_aq_backfill_cloud_run/README.md",docs,AGGDAILY_SUPABASE_URL,AGGDAILY_SUPABASE_URL,OBS_AQIDB_SUPABASE_URL,rename,1
ops,"/Users/mikehinford/Dropbox/Projects/CIC Website/CIC Air Quality Networks/CIC-test-uk-aq-Operations/CIC-test-uk-aq-ops/workers/uk_aq_backfill_cloud_run/README.md",docs,OBS_AQIDB_SECRET_KEY,OBS_AQIDB_SECRET_KEY,OBS_AQIDB_SECRET_KEY,rename,1
ops,"/Users/mikehinford/Dropbox/Projects/CIC Website/CIC Air Quality Networks/CIC-test-uk-aq-Operations/CIC-test-uk-aq-ops/workers/uk_aq_backfill_cloud_run/README.md",docs,OBS_AQIDB_SUPABASE_URL,OBS_AQIDB_SUPABASE_URL,OBS_AQIDB_SUPABASE_URL,rename,1
ops,"/Users/mikehinford/Dropbox/Projects/CIC Website/CIC Air Quality Networks/CIC-test-uk-aq-Operations/CIC-test-uk-aq-ops/workers/uk_aq_backfill_cloud_run/README.md",docs,history_to_r2,history_to_r2,observs_to_r2_history,rename,2
ops,"/Users/mikehinford/Dropbox/Projects/CIC Website/CIC Air Quality Networks/CIC-test-uk-aq-Operations/CIC-test-uk-aq-ops/workers/uk_aq_backfill_cloud_run/README.md",docs,uk_aq_aggdaily,uk_aq_aggdaily,uk_aq_aqilevels,rename,1
ops,"/Users/mikehinford/Dropbox/Projects/CIC Website/CIC Air Quality Networks/CIC-test-uk-aq-Operations/CIC-test-uk-aq-ops/workers/uk_aq_backfill_cloud_run/backfill_core.mjs",runtime,history_to_r2,history_to_r2,observs_to_r2_history,rename,1
ops,"/Users/mikehinford/Dropbox/Projects/CIC Website/CIC Air Quality Networks/CIC-test-uk-aq-Operations/CIC-test-uk-aq-ops/workers/uk_aq_backfill_cloud_run/run_job.ts",runtime,AGGDAILY_SECRET_KEY,AGGDAILY_SECRET_KEY,OBS_AQIDB_SECRET_KEY,rename,3
ops,"/Users/mikehinford/Dropbox/Projects/CIC Website/CIC Air Quality Networks/CIC-test-uk-aq-Operations/CIC-test-uk-aq-ops/workers/uk_aq_backfill_cloud_run/run_job.ts",runtime,AGGDAILY_SUPABASE_URL,AGGDAILY_SUPABASE_URL,OBS_AQIDB_SUPABASE_URL,rename,19
ops,"/Users/mikehinford/Dropbox/Projects/CIC Website/CIC Air Quality Networks/CIC-test-uk-aq-Operations/CIC-test-uk-aq-ops/workers/uk_aq_backfill_cloud_run/run_job.ts",runtime,OBS_AQIDB_SECRET_KEY,OBS_AQIDB_SECRET_KEY,OBS_AQIDB_SECRET_KEY,rename,2
ops,"/Users/mikehinford/Dropbox/Projects/CIC Website/CIC Air Quality Networks/CIC-test-uk-aq-Operations/CIC-test-uk-aq-ops/workers/uk_aq_backfill_cloud_run/run_job.ts",runtime,OBS_AQIDB_SUPABASE_URL,OBS_AQIDB_SUPABASE_URL,OBS_AQIDB_SUPABASE_URL,rename,6
ops,"/Users/mikehinford/Dropbox/Projects/CIC Website/CIC Air Quality Networks/CIC-test-uk-aq-Operations/CIC-test-uk-aq-ops/workers/uk_aq_backfill_cloud_run/run_job.ts",runtime,history_to_r2,history_to_r2,observs_to_r2_history,rename,4
ops,"/Users/mikehinford/Dropbox/Projects/CIC Website/CIC Air Quality Networks/CIC-test-uk-aq-Operations/CIC-test-uk-aq-ops/workers/uk_aq_backfill_cloud_run/run_job.ts",runtime,obs_aqidb,obs_aqidb,obs_aqidb,rename,13
ops,"/Users/mikehinford/Dropbox/Projects/CIC Website/CIC Air Quality Networks/CIC-test-uk-aq-Operations/CIC-test-uk-aq-ops/workers/uk_aq_backfill_cloud_run/run_service.ts",runtime,history_to_r2,history_to_r2,observs_to_r2_history,rename,1
ops,"/Users/mikehinford/Dropbox/Projects/CIC Website/CIC Air Quality Networks/CIC-test-uk-aq-Operations/CIC-test-uk-aq-ops/workers/uk_aq_backfill_cloud_run/sql/uk_aq_backfill_ops_aggdaily.sql",runtime,history_to_r2,history_to_r2,observs_to_r2_history,rename,4
ops,"/Users/mikehinford/Dropbox/Projects/CIC Website/CIC Air Quality Networks/CIC-test-uk-aq-Operations/CIC-test-uk-aq-ops/workers/uk_aq_backfill_cloud_run/sql/uk_aq_backfill_ops_aggdaily.sql",runtime,obs_aqidb,obs_aqidb,obs_aqidb,rename,2
ops,"/Users/mikehinford/Dropbox/Projects/CIC Website/CIC Air Quality Networks/CIC-test-uk-aq-Operations/CIC-test-uk-aq-ops/workers/uk_aq_db_size_logger_cloud_run/README.md",docs,AGGDAILY_SECRET_KEY,AGGDAILY_SECRET_KEY,OBS_AQIDB_SECRET_KEY,rename,1
ops,"/Users/mikehinford/Dropbox/Projects/CIC Website/CIC Air Quality Networks/CIC-test-uk-aq-Operations/CIC-test-uk-aq-ops/workers/uk_aq_db_size_logger_cloud_run/README.md",docs,AGGDAILY_SUPABASE_URL,AGGDAILY_SUPABASE_URL,OBS_AQIDB_SUPABASE_URL,rename,2
ops,"/Users/mikehinford/Dropbox/Projects/CIC Website/CIC Air Quality Networks/CIC-test-uk-aq-Operations/CIC-test-uk-aq-ops/workers/uk_aq_db_size_logger_cloud_run/README.md",docs,OBS_AQIDB_SECRET_KEY,OBS_AQIDB_SECRET_KEY,OBS_AQIDB_SECRET_KEY,rename,1
ops,"/Users/mikehinford/Dropbox/Projects/CIC Website/CIC Air Quality Networks/CIC-test-uk-aq-Operations/CIC-test-uk-aq-ops/workers/uk_aq_db_size_logger_cloud_run/README.md",docs,OBS_AQIDB_SUPABASE_URL,OBS_AQIDB_SUPABASE_URL,OBS_AQIDB_SUPABASE_URL,rename,1
ops,"/Users/mikehinford/Dropbox/Projects/CIC Website/CIC Air Quality Networks/CIC-test-uk-aq-Operations/CIC-test-uk-aq-ops/workers/uk_aq_db_size_logger_cloud_run/README.md",docs,UK_AQ_AGGDAILY_DB_LABEL,UK_AQ_AGGDAILY_DB_LABEL,UK_AQ_OBS_AQIDB_DB_LABEL,rename,1
ops,"/Users/mikehinford/Dropbox/Projects/CIC Website/CIC Air Quality Networks/CIC-test-uk-aq-Operations/CIC-test-uk-aq-ops/workers/uk_aq_db_size_logger_cloud_run/README.md",docs,UK_AQ_OBS_AQIDB_DB_LABEL,UK_AQ_OBS_AQIDB_DB_LABEL,UK_AQ_OBS_AQIDB_DB_LABEL,rename,1
ops,"/Users/mikehinford/Dropbox/Projects/CIC Website/CIC Air Quality Networks/CIC-test-uk-aq-Operations/CIC-test-uk-aq-ops/workers/uk_aq_db_size_logger_cloud_run/README.md",docs,aggdailydb,aggdailydb,obs_aqidb,rename,1
ops,"/Users/mikehinford/Dropbox/Projects/CIC Website/CIC Air Quality Networks/CIC-test-uk-aq-Operations/CIC-test-uk-aq-ops/workers/uk_aq_db_size_logger_cloud_run/README.md",docs,obs_aqidb,obs_aqidb,obs_aqidb,rename,1
ops,"/Users/mikehinford/Dropbox/Projects/CIC Website/CIC Air Quality Networks/CIC-test-uk-aq-Operations/CIC-test-uk-aq-ops/workers/uk_aq_db_size_logger_cloud_run/run_job.ts",runtime,AGGDAILY_SECRET_KEY,AGGDAILY_SECRET_KEY,OBS_AQIDB_SECRET_KEY,rename,2
ops,"/Users/mikehinford/Dropbox/Projects/CIC Website/CIC Air Quality Networks/CIC-test-uk-aq-Operations/CIC-test-uk-aq-ops/workers/uk_aq_db_size_logger_cloud_run/run_job.ts",runtime,AGGDAILY_SUPABASE_URL,AGGDAILY_SUPABASE_URL,OBS_AQIDB_SUPABASE_URL,rename,7
ops,"/Users/mikehinford/Dropbox/Projects/CIC Website/CIC Air Quality Networks/CIC-test-uk-aq-Operations/CIC-test-uk-aq-ops/workers/uk_aq_db_size_logger_cloud_run/run_job.ts",runtime,OBS_AQIDB_SECRET_KEY,OBS_AQIDB_SECRET_KEY,OBS_AQIDB_SECRET_KEY,rename,1
ops,"/Users/mikehinford/Dropbox/Projects/CIC Website/CIC Air Quality Networks/CIC-test-uk-aq-Operations/CIC-test-uk-aq-ops/workers/uk_aq_db_size_logger_cloud_run/run_job.ts",runtime,OBS_AQIDB_SUPABASE_URL,OBS_AQIDB_SUPABASE_URL,OBS_AQIDB_SUPABASE_URL,rename,3
ops,"/Users/mikehinford/Dropbox/Projects/CIC Website/CIC Air Quality Networks/CIC-test-uk-aq-Operations/CIC-test-uk-aq-ops/workers/uk_aq_db_size_logger_cloud_run/run_job.ts",runtime,UK_AQ_AGGDAILY_DB_LABEL,UK_AQ_AGGDAILY_DB_LABEL,UK_AQ_OBS_AQIDB_DB_LABEL,rename,1
ops,"/Users/mikehinford/Dropbox/Projects/CIC Website/CIC Air Quality Networks/CIC-test-uk-aq-Operations/CIC-test-uk-aq-ops/workers/uk_aq_db_size_logger_cloud_run/run_job.ts",runtime,UK_AQ_OBS_AQIDB_DB_LABEL,UK_AQ_OBS_AQIDB_DB_LABEL,UK_AQ_OBS_AQIDB_DB_LABEL,rename,1
ops,"/Users/mikehinford/Dropbox/Projects/CIC Website/CIC Air Quality Networks/CIC-test-uk-aq-Operations/CIC-test-uk-aq-ops/workers/uk_aq_db_size_logger_cloud_run/run_job.ts",runtime,aggdailydb,aggdailydb,obs_aqidb,rename,15
ops,"/Users/mikehinford/Dropbox/Projects/CIC Website/CIC Air Quality Networks/CIC-test-uk-aq-Operations/CIC-test-uk-aq-ops/workers/uk_aq_db_size_logger_cloud_run/run_job.ts",runtime,obs_aqidb,obs_aqidb,obs_aqidb,rename,15
ops,"/Users/mikehinford/Dropbox/Projects/CIC Website/CIC Air Quality Networks/CIC-test-uk-aq-Operations/CIC-test-uk-aq-ops/workers/uk_aq_db_size_metrics_api_worker/README.md",docs,AGGDAILY_SECRET_KEY,AGGDAILY_SECRET_KEY,OBS_AQIDB_SECRET_KEY,rename,3
ops,"/Users/mikehinford/Dropbox/Projects/CIC Website/CIC Air Quality Networks/CIC-test-uk-aq-Operations/CIC-test-uk-aq-ops/workers/uk_aq_db_size_metrics_api_worker/README.md",docs,AGGDAILY_SUPABASE_URL,AGGDAILY_SUPABASE_URL,OBS_AQIDB_SUPABASE_URL,rename,4
ops,"/Users/mikehinford/Dropbox/Projects/CIC Website/CIC Air Quality Networks/CIC-test-uk-aq-Operations/CIC-test-uk-aq-ops/workers/uk_aq_db_size_metrics_api_worker/README.md",docs,OBS_AQIDB_SECRET_KEY,OBS_AQIDB_SECRET_KEY,OBS_AQIDB_SECRET_KEY,rename,3
ops,"/Users/mikehinford/Dropbox/Projects/CIC Website/CIC Air Quality Networks/CIC-test-uk-aq-Operations/CIC-test-uk-aq-ops/workers/uk_aq_db_size_metrics_api_worker/README.md",docs,OBS_AQIDB_SUPABASE_URL,OBS_AQIDB_SUPABASE_URL,OBS_AQIDB_SUPABASE_URL,rename,3
ops,"/Users/mikehinford/Dropbox/Projects/CIC Website/CIC Air Quality Networks/CIC-test-uk-aq-Operations/CIC-test-uk-aq-ops/workers/uk_aq_db_size_metrics_api_worker/worker.mjs",runtime,AGGDAILY_SECRET_KEY,AGGDAILY_SECRET_KEY,OBS_AQIDB_SECRET_KEY,rename,1
ops,"/Users/mikehinford/Dropbox/Projects/CIC Website/CIC Air Quality Networks/CIC-test-uk-aq-Operations/CIC-test-uk-aq-ops/workers/uk_aq_db_size_metrics_api_worker/worker.mjs",runtime,AGGDAILY_SUPABASE_URL,AGGDAILY_SUPABASE_URL,OBS_AQIDB_SUPABASE_URL,rename,1
ops,"/Users/mikehinford/Dropbox/Projects/CIC Website/CIC Air Quality Networks/CIC-test-uk-aq-Operations/CIC-test-uk-aq-ops/workers/uk_aq_db_size_metrics_api_worker/worker.mjs",runtime,OBS_AQIDB_SECRET_KEY,OBS_AQIDB_SECRET_KEY,OBS_AQIDB_SECRET_KEY,rename,1
ops,"/Users/mikehinford/Dropbox/Projects/CIC Website/CIC Air Quality Networks/CIC-test-uk-aq-Operations/CIC-test-uk-aq-ops/workers/uk_aq_db_size_metrics_api_worker/worker.mjs",runtime,OBS_AQIDB_SUPABASE_URL,OBS_AQIDB_SUPABASE_URL,OBS_AQIDB_SUPABASE_URL,rename,1
ops,"/Users/mikehinford/Dropbox/Projects/CIC Website/CIC Air Quality Networks/CIC-test-uk-aq-Operations/CIC-test-uk-aq-ops/workers/uk_aq_db_size_metrics_api_worker/worker.mjs",runtime,aggdailydb,aggdailydb,obs_aqidb,rename,4
ops,"/Users/mikehinford/Dropbox/Projects/CIC Website/CIC Air Quality Networks/CIC-test-uk-aq-Operations/CIC-test-uk-aq-ops/workers/uk_aq_db_size_metrics_api_worker/worker.mjs",runtime,obs_aqidb,obs_aqidb,obs_aqidb,rename,4
ops,"/Users/mikehinford/Dropbox/Projects/CIC Website/CIC Air Quality Networks/CIC-test-uk-aq-Operations/CIC-test-uk-aq-ops/workers/uk_aq_observs_outbox_flush_service/server.mjs",runtime,OBS_AQIDB_SECRET_KEY,OBS_AQIDB_SECRET_KEY,OBS_AQIDB_SECRET_KEY,rename,1
ops,"/Users/mikehinford/Dropbox/Projects/CIC Website/CIC Air Quality Networks/CIC-test-uk-aq-Operations/CIC-test-uk-aq-ops/workers/uk_aq_observs_outbox_flush_service/server.mjs",runtime,OBS_AQIDB_SUPABASE_URL,OBS_AQIDB_SUPABASE_URL,OBS_AQIDB_SUPABASE_URL,rename,1
ops,"/Users/mikehinford/Dropbox/Projects/CIC Website/CIC Air Quality Networks/CIC-test-uk-aq-Operations/CIC-test-uk-aq-ops/workers/uk_aq_observs_partition_maintenance_service/server.mjs",runtime,CFLARE_R2_OBSERVATIONS_PREFIX,CFLARE_R2_OBSERVATIONS_PREFIX,R2_HISTORY_OBSERVATIONS_PREFIX,rename,1
ops,"/Users/mikehinford/Dropbox/Projects/CIC Website/CIC Air Quality Networks/CIC-test-uk-aq-Operations/CIC-test-uk-aq-ops/workers/uk_aq_observs_partition_maintenance_service/server.mjs",runtime,OBS_AQIDB_SECRET_KEY,OBS_AQIDB_SECRET_KEY,OBS_AQIDB_SECRET_KEY,rename,1
ops,"/Users/mikehinford/Dropbox/Projects/CIC Website/CIC Air Quality Networks/CIC-test-uk-aq-Operations/CIC-test-uk-aq-ops/workers/uk_aq_observs_partition_maintenance_service/server.mjs",runtime,OBS_AQIDB_SUPABASE_URL,OBS_AQIDB_SUPABASE_URL,OBS_AQIDB_SUPABASE_URL,rename,2
ops,"/Users/mikehinford/Dropbox/Projects/CIC Website/CIC Air Quality Networks/CIC-test-uk-aq-Operations/CIC-test-uk-aq-ops/workers/uk_aq_observs_partition_maintenance_service/server.mjs",runtime,uk_aq_history,uk_aq_history,uk_aq_observs,rename,1
ops,"/Users/mikehinford/Dropbox/Projects/CIC Website/CIC Air Quality Networks/CIC-test-uk-aq-Operations/CIC-test-uk-aq-ops/workers/uk_aq_prune_daily/phase_b_backup_r2.mjs",runtime,BACKUP_COMMITTED_PREFIX,BACKUP_COMMITTED_PREFIX,R2_HISTORY_ROOT_PREFIX,rename,1
ops,"/Users/mikehinford/Dropbox/Projects/CIC Website/CIC Air Quality Networks/CIC-test-uk-aq-Operations/CIC-test-uk-aq-ops/workers/uk_aq_prune_daily/phase_b_backup_r2.mjs",runtime,backup/observations,backup/observations,history/v1/observations,rename,1
ops,"/Users/mikehinford/Dropbox/Projects/CIC Website/CIC Air Quality Networks/CIC-test-uk-aq-Operations/CIC-test-uk-aq-ops/workers/uk_aq_prune_daily/server.mjs",runtime,OBS_AQIDB_SECRET_KEY,OBS_AQIDB_SECRET_KEY,OBS_AQIDB_SECRET_KEY,rename,1
ops,"/Users/mikehinford/Dropbox/Projects/CIC Website/CIC Air Quality Networks/CIC-test-uk-aq-Operations/CIC-test-uk-aq-ops/workers/uk_aq_prune_daily/server.mjs",runtime,OBS_AQIDB_SUPABASE_URL,OBS_AQIDB_SUPABASE_URL,OBS_AQIDB_SUPABASE_URL,rename,1
schema,"/Users/mikehinford/Dropbox/Projects/CIC Website/CIC Air Quality Networks/CIC-Test-UK-AQ-Schema/CIC-test-uk-aq-schema/AGENTS.md",docs,uk_aq_aggdaily,uk_aq_aggdaily,uk_aq_aqilevels,rename,1
schema,"/Users/mikehinford/Dropbox/Projects/CIC Website/CIC Air Quality Networks/CIC-Test-UK-AQ-Schema/CIC-test-uk-aq-schema/README_CROSS_REPO.md",docs,uk_aq_history,uk_aq_history,uk_aq_observs,rename,2
schema,"/Users/mikehinford/Dropbox/Projects/CIC Website/CIC Air Quality Networks/CIC-Test-UK-AQ-Schema/CIC-test-uk-aq-schema/plans/2026-02-28_int4_connector_timeseries_id_migration_runbook.md",docs,uk_aq_history,uk_aq_history,uk_aq_observs,rename,2
schema,"/Users/mikehinford/Dropbox/Projects/CIC Website/CIC Air Quality Networks/CIC-Test-UK-AQ-Schema/CIC-test-uk-aq-schema/plans/2026-03-07_aggdaily_to_aqilevels_rename_plan.md",docs,aggdailydb,aggdailydb,obs_aqidb,rename,3
schema,"/Users/mikehinford/Dropbox/Projects/CIC Website/CIC Air Quality Networks/CIC-Test-UK-AQ-Schema/CIC-test-uk-aq-schema/plans/2026-03-07_aggdaily_to_aqilevels_rename_plan.md",docs,uk_aq_aggdaily,uk_aq_aggdaily,uk_aq_aqilevels,rename,8
schema,"/Users/mikehinford/Dropbox/Projects/CIC Website/CIC Air Quality Networks/CIC-Test-UK-AQ-Schema/CIC-test-uk-aq-schema/plans/2026-03-07_aggdaily_to_aqilevels_rename_plan.md",docs,uk_aq_history,uk_aq_history,uk_aq_observs,rename,1
schema,"/Users/mikehinford/Dropbox/Projects/CIC Website/CIC Air Quality Networks/CIC-Test-UK-AQ-Schema/CIC-test-uk-aq-schema/plans/verify_history_status_id_migration.sql",docs,uk_aq_history,uk_aq_history,uk_aq_observs,rename,15
schema,"/Users/mikehinford/Dropbox/Projects/CIC Website/CIC Air Quality Networks/CIC-Test-UK-AQ-Schema/CIC-test-uk-aq-schema/schemas/aggdaily_db/uk_aq_aggdaily_schema.sql",runtime,aggdailydb,aggdailydb,obs_aqidb,rename,3
schema,"/Users/mikehinford/Dropbox/Projects/CIC Website/CIC Air Quality Networks/CIC-Test-UK-AQ-Schema/CIC-test-uk-aq-schema/schemas/aggdaily_db/uk_aq_aggdaily_schema.sql",runtime,history_to_r2,history_to_r2,observs_to_r2_history,rename,4
schema,"/Users/mikehinford/Dropbox/Projects/CIC Website/CIC Air Quality Networks/CIC-Test-UK-AQ-Schema/CIC-test-uk-aq-schema/schemas/aggdaily_db/uk_aq_aggdaily_schema.sql",runtime,obs_aqidb,obs_aqidb,obs_aqidb,rename,4
schema,"/Users/mikehinford/Dropbox/Projects/CIC Website/CIC Air Quality Networks/CIC-Test-UK-AQ-Schema/CIC-test-uk-aq-schema/schemas/aggdaily_db/uk_aq_aggdaily_schema.sql",runtime,uk_aq_aggdaily,uk_aq_aggdaily,uk_aq_aqilevels,rename,87
schema,"/Users/mikehinford/Dropbox/Projects/CIC Website/CIC Air Quality Networks/CIC-Test-UK-AQ-Schema/CIC-test-uk-aq-schema/schemas/aggdaily_db/uk_aq_backfill_ops_aggdaily.sql",runtime,history_to_r2,history_to_r2,observs_to_r2_history,rename,4
schema,"/Users/mikehinford/Dropbox/Projects/CIC Website/CIC Air Quality Networks/CIC-Test-UK-AQ-Schema/CIC-test-uk-aq-schema/schemas/aggdaily_db/uk_aq_backfill_ops_aggdaily.sql",runtime,obs_aqidb,obs_aqidb,obs_aqidb,rename,2
schema,"/Users/mikehinford/Dropbox/Projects/CIC Website/CIC Air Quality Networks/CIC-Test-UK-AQ-Schema/CIC-test-uk-aq-schema/schemas/obs_aqi_db/uk_aq_obs_aqi_db_dualwrite_bootstrap.sql",runtime,uk_aq_history,uk_aq_history,uk_aq_observs,rename,26
schema,"/Users/mikehinford/Dropbox/Projects/CIC Website/CIC Air Quality Networks/CIC-Test-UK-AQ-Schema/CIC-test-uk-aq-schema/schemas/obs_aqi_db/uk_aq_obs_aqi_db_ops_rpcs.sql",runtime,aggdailydb,aggdailydb,obs_aqidb,rename,1
schema,"/Users/mikehinford/Dropbox/Projects/CIC Website/CIC Air Quality Networks/CIC-Test-UK-AQ-Schema/CIC-test-uk-aq-schema/schemas/obs_aqi_db/uk_aq_obs_aqi_db_ops_rpcs.sql",runtime,obs_aqidb,obs_aqidb,obs_aqidb,rename,1
schema,"/Users/mikehinford/Dropbox/Projects/CIC Website/CIC Air Quality Networks/CIC-Test-UK-AQ-Schema/CIC-test-uk-aq-schema/schemas/obs_aqi_db/uk_aq_obs_aqi_db_ops_rpcs.sql",runtime,uk_aq_history,uk_aq_history,uk_aq_observs,rename,40
schema,"/Users/mikehinford/Dropbox/Projects/CIC Website/CIC Air Quality Networks/CIC-Test-UK-AQ-Schema/CIC-test-uk-aq-schema/schemas/obs_aqi_db/uk_aq_obs_aqi_db_schema.sql",runtime,aggdailydb,aggdailydb,obs_aqidb,rename,1
schema,"/Users/mikehinford/Dropbox/Projects/CIC Website/CIC Air Quality Networks/CIC-Test-UK-AQ-Schema/CIC-test-uk-aq-schema/schemas/obs_aqi_db/uk_aq_obs_aqi_db_schema.sql",runtime,obs_aqidb,obs_aqidb,obs_aqidb,rename,2
schema,"/Users/mikehinford/Dropbox/Projects/CIC Website/CIC Air Quality Networks/CIC-Test-UK-AQ-Schema/CIC-test-uk-aq-schema/schemas/obs_aqi_db/uk_aq_obs_aqi_db_schema.sql",runtime,uk_aq_history,uk_aq_history,uk_aq_observs,rename,26
schema,"/Users/mikehinford/Dropbox/Projects/CIC Website/CIC Air Quality Networks/CIC-Test-UK-AQ-Schema/CIC-test-uk-aq-schema/schemas/ingest_db/uk_aq_aggdaily_schema.sql",runtime,uk_aq_aggdaily,uk_aq_aggdaily,uk_aq_aqilevels,rename,24
schema,"/Users/mikehinford/Dropbox/Projects/CIC Website/CIC Air Quality Networks/CIC-Test-UK-AQ-Schema/CIC-test-uk-aq-schema/schemas/ingest_db/uk_aq_ops_schema.sql",runtime,aggdailydb,aggdailydb,obs_aqidb,rename,1
schema,"/Users/mikehinford/Dropbox/Projects/CIC Website/CIC Air Quality Networks/CIC-Test-UK-AQ-Schema/CIC-test-uk-aq-schema/schemas/ingest_db/uk_aq_ops_schema.sql",runtime,obs_aqidb,obs_aqidb,obs_aqidb,rename,1
schema,"/Users/mikehinford/Dropbox/Projects/CIC Website/CIC Air Quality Networks/CIC-Test-UK-AQ-Schema/CIC-test-uk-aq-schema/schemas/ingest_db/uk_aq_rpc.sql",runtime,aggdailydb,aggdailydb,obs_aqidb,rename,1
schema,"/Users/mikehinford/Dropbox/Projects/CIC Website/CIC Air Quality Networks/CIC-Test-UK-AQ-Schema/CIC-test-uk-aq-schema/schemas/ingest_db/uk_aq_rpc.sql",runtime,obs_aqidb,obs_aqidb,obs_aqidb,rename,1
schema,"/Users/mikehinford/Dropbox/Projects/CIC Website/CIC Air Quality Networks/CIC-Test-UK-AQ-Schema/CIC-test-uk-aq-schema/schemas/ingest_db/uk_aq_rpc.sql",runtime,uk_aq_aggdaily,uk_aq_aggdaily,uk_aq_aqilevels,rename,15
schema,"/Users/mikehinford/Dropbox/Projects/CIC Website/CIC Air Quality Networks/CIC-Test-UK-AQ-Schema/CIC-test-uk-aq-schema/schemas/ingest_db/uk_aq_rpc.sql",runtime,uk_aq_history,uk_aq_history,uk_aq_observs,rename,6
schema,"/Users/mikehinford/Dropbox/Projects/CIC Website/CIC Air Quality Networks/CIC-Test-UK-AQ-Schema/CIC-test-uk-aq-schema/system_docs/schema-overview.md",docs,uk_aq_aggdaily,uk_aq_aggdaily,uk_aq_aqilevels,rename,1
schema,"/Users/mikehinford/Dropbox/Projects/CIC Website/CIC Air Quality Networks/CIC-Test-UK-AQ-Schema/CIC-test-uk-aq-schema/system_docs/schema-overview.md",docs,uk_aq_history,uk_aq_history,uk_aq_observs,rename,4
schema,"/Users/mikehinford/Dropbox/Projects/CIC Website/CIC Air Quality Networks/CIC-Test-UK-AQ-Schema/CIC-test-uk-aq-schema/system_docs/shared-schema-repo.md",docs,uk_aq_history,uk_aq_history,uk_aq_observs,rename,2
schema,"/Users/mikehinford/Dropbox/Projects/CIC Website/CIC Air Quality Networks/CIC-Test-UK-AQ-Schema/CIC-test-uk-aq-schema/system_docs/table_info/uk_aq_history_observations.md",docs,uk_aq_history,uk_aq_history,uk_aq_observs,rename,3
schema,"/Users/mikehinford/Dropbox/Projects/CIC Website/CIC Air Quality Networks/CIC-Test-UK-AQ-Schema/CIC-test-uk-aq-schema/system_docs/table_info/uk_aq_history_rpc_metrics_minute.md",docs,uk_aq_history,uk_aq_history,uk_aq_observs,rename,1
